reponse_id	X103e69c2_answers	X7a10555e_answers
ACYDBNgHfXMXKJ7Z8VQe87e-IrBdrBad0mBWjO1UHYKQys7QX1q_Y69kp1cKcGdI_eueSgA	Here's a really cool answer to this question	Option A
ACYDBNgdPc1CkWX1dDycG2cYILE9SLdABPfcRox8WVess33sivSwMvtPxLcLAHWzHsybxnM	Here's a really compelling paragraph	Option B
ACYDBNgHfXMXKJ7Z8VQe87e-IrBdrBad0mBWjO1UHYKQys7QX1q_Y69kp1cKcGdI_eueSgA	Here's a really cool answer to this question	Option A
ACYDBNgdPc1CkWX1dDycG2cYILE9SLdABPfcRox8WVess33sivSwMvtPxLcLAHWzHsybxnM	Here's a really compelling paragraph	Option B
