repo_name	repo	timestamp	count_clones	uniques_clones	count_views	uniques_views
opencasestudies/ocs-bp-school-shootings-dashboard	opencasestudies/ocs-bp-school-shootings-dashboard	2026-09-19	0	0	4	4
opencasestudies/ocs-bp-school-shootings-dashboard	opencasestudies/ocs-bp-school-shootings-dashboard	2026-09-20	1	1	0	0
opencasestudies/ocs-bp-school-shootings-dashboard	opencasestudies/ocs-bp-school-shootings-dashboard	2026-09-21	1	1	9	9
opencasestudies/ocs-bp-school-shootings-dashboard	opencasestudies/ocs-bp-school-shootings-dashboard	2026-09-22	0	0	5	3
opencasestudies/ocs-bp-school-shootings-dashboard	opencasestudies/ocs-bp-school-shootings-dashboard	2026-09-23	1	1	0	0
opencasestudies/ocs-bp-school-shootings-dashboard	opencasestudies/ocs-bp-school-shootings-dashboard	2026-09-24	8	7	2	2
opencasestudies/ocs-bp-school-shootings-dashboard	opencasestudies/ocs-bp-school-shootings-dashboard	2026-09-25	1	1	2	1
opencasestudies/ocs-bp-school-shootings-dashboard	opencasestudies/ocs-bp-school-shootings-dashboard	2026-09-26	2	2	3	3
opencasestudies/ocs-bp-school-shootings-dashboard	opencasestudies/ocs-bp-school-shootings-dashboard	2026-09-27	0	0	0	0
opencasestudies/ocs-bp-school-shootings-dashboard	opencasestudies/ocs-bp-school-shootings-dashboard	2026-09-28	0	0	9	9
opencasestudies/ocs-bp-school-shootings-dashboard	opencasestudies/ocs-bp-school-shootings-dashboard	2026-09-29	1	1	4	2
opencasestudies/ocs-bp-school-shootings-dashboard	opencasestudies/ocs-bp-school-shootings-dashboard	2026-09-30	1	1	1	1
opencasestudies/ocs-bp-school-shootings-dashboard	opencasestudies/ocs-bp-school-shootings-dashboard	2026-10-01	9	9	7	7
opencasestudies/ocs-bp-school-shootings-dashboard	opencasestudies/ocs-bp-school-shootings-dashboard	2026-10-02	6	5	1	1
opencasestudies/ocs-bp-youth-disconnection	opencasestudies/ocs-bp-youth-disconnection	2026-09-19	0	0	0	0
opencasestudies/ocs-bp-youth-disconnection	opencasestudies/ocs-bp-youth-disconnection	2026-09-20	0	0	0	0
opencasestudies/ocs-bp-youth-disconnection	opencasestudies/ocs-bp-youth-disconnection	2026-09-21	0	0	0	0
opencasestudies/ocs-bp-youth-disconnection	opencasestudies/ocs-bp-youth-disconnection	2026-09-22	0	0	0	0
opencasestudies/ocs-bp-youth-disconnection	opencasestudies/ocs-bp-youth-disconnection	2026-09-23	0	0	0	0
opencasestudies/ocs-bp-youth-disconnection	opencasestudies/ocs-bp-youth-disconnection	2026-09-24	1	1	0	0
opencasestudies/ocs-bp-youth-disconnection	opencasestudies/ocs-bp-youth-disconnection	2026-09-25	0	0	1	1
opencasestudies/ocs-bp-youth-disconnection	opencasestudies/ocs-bp-youth-disconnection	2026-09-26	0	0	0	0
opencasestudies/ocs-bp-youth-disconnection	opencasestudies/ocs-bp-youth-disconnection	2026-09-27	1	1	6	3
opencasestudies/ocs-bp-youth-disconnection	opencasestudies/ocs-bp-youth-disconnection	2026-09-28	268	39	59	1
opencasestudies/ocs-bp-youth-disconnection	opencasestudies/ocs-bp-youth-disconnection	2026-09-29	391	72	135	1
opencasestudies/ocs-bp-youth-disconnection	opencasestudies/ocs-bp-youth-disconnection	2026-09-30	9	4	6	1
opencasestudies/ocs-bp-youth-disconnection	opencasestudies/ocs-bp-youth-disconnection	2026-10-01	0	0	1	1
opencasestudies/ocs-bp-youth-disconnection	opencasestudies/ocs-bp-youth-disconnection	2026-10-02	0	0	3	1
opencasestudies/ocs-bp-opioid-rural-urban	opencasestudies/ocs-bp-opioid-rural-urban	2026-09-19	0	0	1	1
opencasestudies/ocs-bp-opioid-rural-urban	opencasestudies/ocs-bp-opioid-rural-urban	2026-09-20	0	0	1	1
opencasestudies/ocs-bp-opioid-rural-urban	opencasestudies/ocs-bp-opioid-rural-urban	2026-09-21	1	1	0	0
opencasestudies/ocs-bp-opioid-rural-urban	opencasestudies/ocs-bp-opioid-rural-urban	2026-09-22	0	0	0	0
opencasestudies/ocs-bp-opioid-rural-urban	opencasestudies/ocs-bp-opioid-rural-urban	2026-09-23	1	1	1	1
opencasestudies/ocs-bp-opioid-rural-urban	opencasestudies/ocs-bp-opioid-rural-urban	2026-09-24	1	1	0	0
opencasestudies/ocs-bp-opioid-rural-urban	opencasestudies/ocs-bp-opioid-rural-urban	2026-09-25	0	0	0	0
opencasestudies/ocs-bp-opioid-rural-urban	opencasestudies/ocs-bp-opioid-rural-urban	2026-09-26	20	11	22	1
opencasestudies/ocs-bp-opioid-rural-urban	opencasestudies/ocs-bp-opioid-rural-urban	2026-09-27	156	61	110	4
opencasestudies/ocs-bp-opioid-rural-urban	opencasestudies/ocs-bp-opioid-rural-urban	2026-09-28	30	8	52	2
opencasestudies/ocs-bp-opioid-rural-urban	opencasestudies/ocs-bp-opioid-rural-urban	2026-09-29	51	17	15	4
opencasestudies/ocs-bp-opioid-rural-urban	opencasestudies/ocs-bp-opioid-rural-urban	2026-09-30	1	1	0	0
opencasestudies/ocs-bp-opioid-rural-urban	opencasestudies/ocs-bp-opioid-rural-urban	2026-10-01	3	2	1	1
opencasestudies/ocs-bp-opioid-rural-urban	opencasestudies/ocs-bp-opioid-rural-urban	2026-10-02	1	1	1	1
opencasestudies/ocs-bp-vaping-case-study	opencasestudies/ocs-bp-vaping-case-study	2026-09-19	0	0	8	1
opencasestudies/ocs-bp-vaping-case-study	opencasestudies/ocs-bp-vaping-case-study	2026-09-20	0	0	0	0
opencasestudies/ocs-bp-vaping-case-study	opencasestudies/ocs-bp-vaping-case-study	2026-09-21	1	1	0	0
opencasestudies/ocs-bp-vaping-case-study	opencasestudies/ocs-bp-vaping-case-study	2026-09-22	0	0	0	0
opencasestudies/ocs-bp-vaping-case-study	opencasestudies/ocs-bp-vaping-case-study	2026-09-23	3	2	0	0
opencasestudies/ocs-bp-vaping-case-study	opencasestudies/ocs-bp-vaping-case-study	2026-09-24	0	0	1	1
opencasestudies/ocs-bp-vaping-case-study	opencasestudies/ocs-bp-vaping-case-study	2026-09-25	0	0	0	0
opencasestudies/ocs-bp-vaping-case-study	opencasestudies/ocs-bp-vaping-case-study	2026-09-26	0	0	1	1
opencasestudies/ocs-bp-vaping-case-study	opencasestudies/ocs-bp-vaping-case-study	2026-09-27	1	1	0	0
opencasestudies/ocs-bp-vaping-case-study	opencasestudies/ocs-bp-vaping-case-study	2026-09-28	2	2	1	1
opencasestudies/ocs-bp-vaping-case-study	opencasestudies/ocs-bp-vaping-case-study	2026-09-29	0	0	1	1
opencasestudies/ocs-bp-vaping-case-study	opencasestudies/ocs-bp-vaping-case-study	2026-09-30	2	1	0	0
opencasestudies/ocs-bp-vaping-case-study	opencasestudies/ocs-bp-vaping-case-study	2026-10-01	2	1	2	2
opencasestudies/ocs-bp-vaping-case-study	opencasestudies/ocs-bp-vaping-case-study	2026-10-02	0	0	0	0
opencasestudies/ocs-bp-youth-mental-health	opencasestudies/ocs-bp-youth-mental-health	2026-09-19	0	0	0	0
opencasestudies/ocs-bp-youth-mental-health	opencasestudies/ocs-bp-youth-mental-health	2026-09-20	0	0	0	0
opencasestudies/ocs-bp-youth-mental-health	opencasestudies/ocs-bp-youth-mental-health	2026-09-21	0	0	0	0
opencasestudies/ocs-bp-youth-mental-health	opencasestudies/ocs-bp-youth-mental-health	2026-09-22	0	0	0	0
opencasestudies/ocs-bp-youth-mental-health	opencasestudies/ocs-bp-youth-mental-health	2026-09-23	0	0	0	0
opencasestudies/ocs-bp-youth-mental-health	opencasestudies/ocs-bp-youth-mental-health	2026-09-24	1	1	0	0
opencasestudies/ocs-bp-youth-mental-health	opencasestudies/ocs-bp-youth-mental-health	2026-09-25	1	1	0	0
opencasestudies/ocs-bp-youth-mental-health	opencasestudies/ocs-bp-youth-mental-health	2026-09-26	0	0	3	1
opencasestudies/ocs-bp-youth-mental-health	opencasestudies/ocs-bp-youth-mental-health	2026-09-27	248	48	25	2
opencasestudies/ocs-bp-youth-mental-health	opencasestudies/ocs-bp-youth-mental-health	2026-09-28	243	26	42	1
opencasestudies/ocs-bp-youth-mental-health	opencasestudies/ocs-bp-youth-mental-health	2026-09-29	160	21	21	1
opencasestudies/ocs-bp-youth-mental-health	opencasestudies/ocs-bp-youth-mental-health	2026-09-30	75	7	0	0
opencasestudies/ocs-bp-youth-mental-health	opencasestudies/ocs-bp-youth-mental-health	2026-10-01	0	0	0	0
opencasestudies/ocs-bp-youth-mental-health	opencasestudies/ocs-bp-youth-mental-health	2026-10-02	2	2	0	0
opencasestudies/ocs-bp-rural-and-urban-obesity	opencasestudies/ocs-bp-rural-and-urban-obesity	2026-09-19	0	0	0	0
opencasestudies/ocs-bp-rural-and-urban-obesity	opencasestudies/ocs-bp-rural-and-urban-obesity	2026-09-20	0	0	1	1
opencasestudies/ocs-bp-rural-and-urban-obesity	opencasestudies/ocs-bp-rural-and-urban-obesity	2026-09-21	0	0	1	1
opencasestudies/ocs-bp-rural-and-urban-obesity	opencasestudies/ocs-bp-rural-and-urban-obesity	2026-09-22	1	1	0	0
opencasestudies/ocs-bp-rural-and-urban-obesity	opencasestudies/ocs-bp-rural-and-urban-obesity	2026-09-23	0	0	0	0
opencasestudies/ocs-bp-rural-and-urban-obesity	opencasestudies/ocs-bp-rural-and-urban-obesity	2026-09-24	2	2	1	1
opencasestudies/ocs-bp-rural-and-urban-obesity	opencasestudies/ocs-bp-rural-and-urban-obesity	2026-09-25	2	2	0	0
opencasestudies/ocs-bp-rural-and-urban-obesity	opencasestudies/ocs-bp-rural-and-urban-obesity	2026-09-26	128	45	134	1
opencasestudies/ocs-bp-rural-and-urban-obesity	opencasestudies/ocs-bp-rural-and-urban-obesity	2026-09-27	267	92	98	3
opencasestudies/ocs-bp-rural-and-urban-obesity	opencasestudies/ocs-bp-rural-and-urban-obesity	2026-09-28	68	26	59	1
opencasestudies/ocs-bp-rural-and-urban-obesity	opencasestudies/ocs-bp-rural-and-urban-obesity	2026-09-29	8	4	3	3
opencasestudies/ocs-bp-rural-and-urban-obesity	opencasestudies/ocs-bp-rural-and-urban-obesity	2026-09-30	3	2	1	1
opencasestudies/ocs-bp-rural-and-urban-obesity	opencasestudies/ocs-bp-rural-and-urban-obesity	2026-10-01	3	2	1	1
opencasestudies/ocs-bp-rural-and-urban-obesity	opencasestudies/ocs-bp-rural-and-urban-obesity	2026-10-02	2	1	0	0
opencasestudies/ocs-bp-RTC-wrangling	opencasestudies/ocs-bp-RTC-wrangling	2026-09-19	0	0	0	0
opencasestudies/ocs-bp-RTC-wrangling	opencasestudies/ocs-bp-RTC-wrangling	2026-09-20	1	1	0	0
opencasestudies/ocs-bp-RTC-wrangling	opencasestudies/ocs-bp-RTC-wrangling	2026-09-21	0	0	0	0
opencasestudies/ocs-bp-RTC-wrangling	opencasestudies/ocs-bp-RTC-wrangling	2026-09-22	1	1	0	0
opencasestudies/ocs-bp-RTC-wrangling	opencasestudies/ocs-bp-RTC-wrangling	2026-09-23	1	1	0	0
opencasestudies/ocs-bp-RTC-wrangling	opencasestudies/ocs-bp-RTC-wrangling	2026-09-24	1	1	0	0
opencasestudies/ocs-bp-RTC-wrangling	opencasestudies/ocs-bp-RTC-wrangling	2026-09-25	0	0	0	0
opencasestudies/ocs-bp-RTC-wrangling	opencasestudies/ocs-bp-RTC-wrangling	2026-09-26	0	0	0	0
opencasestudies/ocs-bp-RTC-wrangling	opencasestudies/ocs-bp-RTC-wrangling	2026-09-27	0	0	0	0
opencasestudies/ocs-bp-RTC-wrangling	opencasestudies/ocs-bp-RTC-wrangling	2026-09-28	0	0	0	0
opencasestudies/ocs-bp-RTC-wrangling	opencasestudies/ocs-bp-RTC-wrangling	2026-09-29	0	0	0	0
opencasestudies/ocs-bp-RTC-wrangling	opencasestudies/ocs-bp-RTC-wrangling	2026-09-30	1	1	0	0
opencasestudies/ocs-bp-RTC-wrangling	opencasestudies/ocs-bp-RTC-wrangling	2026-10-01	1	1	0	0
opencasestudies/ocs-bp-RTC-wrangling	opencasestudies/ocs-bp-RTC-wrangling	2026-10-02	0	0	0	0
opencasestudies/ocs-bp-RTC-analysis	opencasestudies/ocs-bp-RTC-analysis	2026-09-19	0	0	0	0
opencasestudies/ocs-bp-RTC-analysis	opencasestudies/ocs-bp-RTC-analysis	2026-09-20	0	0	0	0
opencasestudies/ocs-bp-RTC-analysis	opencasestudies/ocs-bp-RTC-analysis	2026-09-21	0	0	0	0
opencasestudies/ocs-bp-RTC-analysis	opencasestudies/ocs-bp-RTC-analysis	2026-09-22	1	1	0	0
opencasestudies/ocs-bp-RTC-analysis	opencasestudies/ocs-bp-RTC-analysis	2026-09-23	1	1	0	0
opencasestudies/ocs-bp-RTC-analysis	opencasestudies/ocs-bp-RTC-analysis	2026-09-24	2	2	0	0
opencasestudies/ocs-bp-RTC-analysis	opencasestudies/ocs-bp-RTC-analysis	2026-09-25	0	0	0	0
opencasestudies/ocs-bp-RTC-analysis	opencasestudies/ocs-bp-RTC-analysis	2026-09-26	1	1	0	0
opencasestudies/ocs-bp-RTC-analysis	opencasestudies/ocs-bp-RTC-analysis	2026-09-27	27	16	54	1
opencasestudies/ocs-bp-RTC-analysis	opencasestudies/ocs-bp-RTC-analysis	2026-09-28	3	3	0	0
opencasestudies/ocs-bp-RTC-analysis	opencasestudies/ocs-bp-RTC-analysis	2026-09-29	2	2	1	1
opencasestudies/ocs-bp-RTC-analysis	opencasestudies/ocs-bp-RTC-analysis	2026-09-30	1	1	0	0
opencasestudies/ocs-bp-RTC-analysis	opencasestudies/ocs-bp-RTC-analysis	2026-10-01	22	1	0	0
opencasestudies/ocs-bp-RTC-analysis	opencasestudies/ocs-bp-RTC-analysis	2026-10-02	0	0	6	1
opencasestudies/ocs-bp-co2-emissions	opencasestudies/ocs-bp-co2-emissions	2026-09-19	1	1	0	0
opencasestudies/ocs-bp-co2-emissions	opencasestudies/ocs-bp-co2-emissions	2026-09-20	0	0	2	2
opencasestudies/ocs-bp-co2-emissions	opencasestudies/ocs-bp-co2-emissions	2026-09-21	0	0	0	0
opencasestudies/ocs-bp-co2-emissions	opencasestudies/ocs-bp-co2-emissions	2026-09-22	1	1	0	0
opencasestudies/ocs-bp-co2-emissions	opencasestudies/ocs-bp-co2-emissions	2026-09-23	3	3	0	0
opencasestudies/ocs-bp-co2-emissions	opencasestudies/ocs-bp-co2-emissions	2026-09-24	1	1	0	0
opencasestudies/ocs-bp-co2-emissions	opencasestudies/ocs-bp-co2-emissions	2026-09-25	0	0	0	0
opencasestudies/ocs-bp-co2-emissions	opencasestudies/ocs-bp-co2-emissions	2026-09-26	2	2	20	1
opencasestudies/ocs-bp-co2-emissions	opencasestudies/ocs-bp-co2-emissions	2026-09-27	1	1	6	1
opencasestudies/ocs-bp-co2-emissions	opencasestudies/ocs-bp-co2-emissions	2026-09-28	42	17	27	1
opencasestudies/ocs-bp-co2-emissions	opencasestudies/ocs-bp-co2-emissions	2026-09-29	1	1	0	0
opencasestudies/ocs-bp-co2-emissions	opencasestudies/ocs-bp-co2-emissions	2026-09-30	4	4	2	2
opencasestudies/ocs-bp-co2-emissions	opencasestudies/ocs-bp-co2-emissions	2026-10-01	20	12	0	0
opencasestudies/ocs-bp-co2-emissions	opencasestudies/ocs-bp-co2-emissions	2026-10-02	1	1	2	2
opencasestudies/ocs-bp-diet	opencasestudies/ocs-bp-diet	2026-09-19	0	0	2	1
opencasestudies/ocs-bp-diet	opencasestudies/ocs-bp-diet	2026-09-20	0	0	0	0
opencasestudies/ocs-bp-diet	opencasestudies/ocs-bp-diet	2026-09-21	0	0	0	0
opencasestudies/ocs-bp-diet	opencasestudies/ocs-bp-diet	2026-09-22	1	1	0	0
opencasestudies/ocs-bp-diet	opencasestudies/ocs-bp-diet	2026-09-23	0	0	0	0
opencasestudies/ocs-bp-diet	opencasestudies/ocs-bp-diet	2026-09-24	1	1	0	0
opencasestudies/ocs-bp-diet	opencasestudies/ocs-bp-diet	2026-09-25	2	1	0	0
opencasestudies/ocs-bp-diet	opencasestudies/ocs-bp-diet	2026-09-26	0	0	1	1
opencasestudies/ocs-bp-diet	opencasestudies/ocs-bp-diet	2026-09-27	1	1	0	0
opencasestudies/ocs-bp-diet	opencasestudies/ocs-bp-diet	2026-09-28	0	0	11	1
opencasestudies/ocs-bp-diet	opencasestudies/ocs-bp-diet	2026-09-29	1	1	0	0
opencasestudies/ocs-bp-diet	opencasestudies/ocs-bp-diet	2026-09-30	0	0	0	0
opencasestudies/ocs-bp-diet	opencasestudies/ocs-bp-diet	2026-10-01	6	3	0	0
opencasestudies/ocs-bp-diet	opencasestudies/ocs-bp-diet	2026-10-02	0	0	0	0
opencasestudies/ocs-bp-air-pollution	opencasestudies/ocs-bp-air-pollution	2026-09-19	0	0	0	0
opencasestudies/ocs-bp-air-pollution	opencasestudies/ocs-bp-air-pollution	2026-09-20	0	0	1	1
opencasestudies/ocs-bp-air-pollution	opencasestudies/ocs-bp-air-pollution	2026-09-21	0	0	0	0
opencasestudies/ocs-bp-air-pollution	opencasestudies/ocs-bp-air-pollution	2026-09-22	1	1	2	2
opencasestudies/ocs-bp-air-pollution	opencasestudies/ocs-bp-air-pollution	2026-09-23	1	1	0	0
opencasestudies/ocs-bp-air-pollution	opencasestudies/ocs-bp-air-pollution	2026-09-24	1	1	0	0
opencasestudies/ocs-bp-air-pollution	opencasestudies/ocs-bp-air-pollution	2026-09-25	0	0	0	0
opencasestudies/ocs-bp-air-pollution	opencasestudies/ocs-bp-air-pollution	2026-09-26	0	0	1	1
opencasestudies/ocs-bp-air-pollution	opencasestudies/ocs-bp-air-pollution	2026-09-27	0	0	1	1
opencasestudies/ocs-bp-air-pollution	opencasestudies/ocs-bp-air-pollution	2026-09-28	2	2	1	1
opencasestudies/ocs-bp-air-pollution	opencasestudies/ocs-bp-air-pollution	2026-09-29	1	1	2	1
opencasestudies/ocs-bp-air-pollution	opencasestudies/ocs-bp-air-pollution	2026-09-30	1	1	1	1
opencasestudies/ocs-bp-air-pollution	opencasestudies/ocs-bp-air-pollution	2026-10-01	0	0	0	0
opencasestudies/ocs-bp-air-pollution	opencasestudies/ocs-bp-air-pollution	2026-10-02	1	1	0	0
opencasestudies/ocs-healthexpenditure	opencasestudies/ocs-healthexpenditure	2026-09-19	2	2	0	0
opencasestudies/ocs-healthexpenditure	opencasestudies/ocs-healthexpenditure	2026-09-20	2	2	2	2
opencasestudies/ocs-healthexpenditure	opencasestudies/ocs-healthexpenditure	2026-09-21	2	2	3	1
opencasestudies/ocs-healthexpenditure	opencasestudies/ocs-healthexpenditure	2026-09-22	1	1	0	0
opencasestudies/ocs-healthexpenditure	opencasestudies/ocs-healthexpenditure	2026-09-23	2	2	0	0
opencasestudies/ocs-healthexpenditure	opencasestudies/ocs-healthexpenditure	2026-09-24	1	1	1	1
opencasestudies/ocs-healthexpenditure	opencasestudies/ocs-healthexpenditure	2026-09-25	1	1	2	2
opencasestudies/ocs-healthexpenditure	opencasestudies/ocs-healthexpenditure	2026-09-26	2	2	1	1
opencasestudies/ocs-healthexpenditure	opencasestudies/ocs-healthexpenditure	2026-09-27	2	2	1	1
opencasestudies/ocs-healthexpenditure	opencasestudies/ocs-healthexpenditure	2026-09-28	0	0	2	2
opencasestudies/ocs-healthexpenditure	opencasestudies/ocs-healthexpenditure	2026-09-29	0	0	2	1
opencasestudies/ocs-healthexpenditure	opencasestudies/ocs-healthexpenditure	2026-09-30	2	1	10	3
opencasestudies/ocs-healthexpenditure	opencasestudies/ocs-healthexpenditure	2026-10-01	0	0	0	0
opencasestudies/ocs-healthexpenditure	opencasestudies/ocs-healthexpenditure	2026-10-02	1	1	1	1
opencasestudies/OCS_Guide	opencasestudies/OCS_Guide	2026-09-19	0	0	1	1
opencasestudies/OCS_Guide	opencasestudies/OCS_Guide	2026-09-20	0	0	1	1
opencasestudies/OCS_Guide	opencasestudies/OCS_Guide	2026-09-21	0	0	0	0
opencasestudies/OCS_Guide	opencasestudies/OCS_Guide	2026-09-22	1	1	1	1
opencasestudies/OCS_Guide	opencasestudies/OCS_Guide	2026-09-23	4	1	0	0
opencasestudies/OCS_Guide	opencasestudies/OCS_Guide	2026-09-24	3	1	0	0
opencasestudies/OCS_Guide	opencasestudies/OCS_Guide	2026-09-25	1	1	1	1
opencasestudies/OCS_Guide	opencasestudies/OCS_Guide	2026-09-26	6	2	0	0
opencasestudies/OCS_Guide	opencasestudies/OCS_Guide	2026-09-27	4	2	0	0
opencasestudies/OCS_Guide	opencasestudies/OCS_Guide	2026-09-28	9	2	0	0
opencasestudies/OCS_Guide	opencasestudies/OCS_Guide	2026-09-29	6	1	0	0
opencasestudies/OCS_Guide	opencasestudies/OCS_Guide	2026-09-30	0	0	0	0
opencasestudies/OCS_Guide	opencasestudies/OCS_Guide	2026-10-01	4	3	0	0
opencasestudies/OCS_Guide	opencasestudies/OCS_Guide	2026-10-02	8	3	0	0
opencasestudies/ocs-bp-template	opencasestudies/ocs-bp-template	2026-09-20	0	0	0	0
opencasestudies/ocs-bp-template	opencasestudies/ocs-bp-template	2026-09-21	0	0	0	0
opencasestudies/ocs-bp-template	opencasestudies/ocs-bp-template	2026-09-22	0	0	2	2
opencasestudies/ocs-bp-template	opencasestudies/ocs-bp-template	2026-09-23	1	1	0	0
opencasestudies/ocs-bp-template	opencasestudies/ocs-bp-template	2026-09-24	0	0	0	0
opencasestudies/ocs-bp-template	opencasestudies/ocs-bp-template	2026-09-25	1	1	0	0
opencasestudies/ocs-bp-template	opencasestudies/ocs-bp-template	2026-09-26	0	0	12	1
opencasestudies/ocs-bp-template	opencasestudies/ocs-bp-template	2026-09-27	0	0	0	0
opencasestudies/ocs-bp-template	opencasestudies/ocs-bp-template	2026-09-28	1	1	0	0
opencasestudies/ocs-bp-template	opencasestudies/ocs-bp-template	2026-09-29	1	1	0	0
opencasestudies/ocs-bp-template	opencasestudies/ocs-bp-template	2026-09-30	0	0	1	1
opencasestudies/ocs-bp-template	opencasestudies/ocs-bp-template	2026-10-01	0	0	2	2
opencasestudies/ocs-bp-template	opencasestudies/ocs-bp-template	2026-10-02	0	0	1	1
opencasestudies/ocs-bp-template	opencasestudies/ocs-bp-template	2026-10-03	0	0	0	0
